Workbook

Sheet Toppscorere
A1: Plass | B1: Spiller | C1: Lag | D1: Mål
A2: 1 | B2: Erling Haaland | C2: Norge | D2: 6
A3: 2 | B3: Kylian Mbappé | C3: Frankrike | D3: 5
A4: 3 | B4: Harry Kane | C4: England | D4: 4

Sheet Kamper
A1: match_id | B1: Hjemmelag | C1: Bortelag | D1: Hjemmemål | E1: Bortemål | F1: Status | G1: WORLDCUP-rad
A2: 537327 | B2: Mexico | C2: South Africa | D2: 2 | E2: 0 | F2: FINISHED | G2: 4 | Q2: 4 | R2: Mexico | S2: South Africa
A3: 537328 | B3: South Korea | C3: Czech Republic | D3: 2 | E3: 1 | F3: FINISHED | G3: 5 | Q3: 5 | R3: South Korea | S3: Czech Republic
A4: 537333 | B4: Canada | C4: Bosnia and Herzegovina | D4: 1 | E4: 1 | F4: FINISHED | G4: 12 | Q4: 12 | R4: Canada | S4: Bosnia and Herzegovina
A5: 537345 | B5: United States | C5: Paraguay | D5: 4 | E5: 1 | F5: FINISHED | G5: 28 | Q5: 28 | R5: United States | S5: Paraguay
B6: Qatar | C6: Switzerland | G6: 13 | Q6: 13 | R6: Qatar | S6: Switzerland
B7: Brazil | C7: Morocco | G7: 20 | Q7: 20 | R7: Brazil | S7: Morocco
B8: Haiti | C8: Scotland | G8: 21 | Q8: 21 | R8: Haiti | S8: Scotland
B9: Australia | C9: Turkey | G9: 29 | Q9: 29 | R9: Australia | S9: Turkey
B10: Germany | C10: Curaçao | G10: 36 | Q10: 36 | R10: Germany | S10: Curaçao
B11: Netherlands | C11: Japan | G11: 44 | Q11: 44 | R11: Netherlands | S11: Japan
B12: Ivory Coast | C12: Ecuador | G12: 37 | Q12: 37 | R12: Ivory Coast | S12: Ecuador
B13: Sweden | C13: Tunisia | G13: 45 | Q13: 45 | R13: Sweden | S13: Tunisia
B14: Spain | C14: Cape Verde | G14: 60 | Q14: 60 | R14: Spain | S14: Cape Verde
B15: Belgium | C15: Egypt | G15: 52 | Q15: 52 | R15: Belgium | S15: Egypt
B16: Saudi Arabia | C16: Uruguay | G16: 61 | Q16: 61 | R16: Saudi Arabia | S16: Uruguay
B17: Iran | C17: New Zealand | G17: 53 | Q17: 53 | R17: Iran | S17: New Zealand
... B73: Jordan | C73: Argentina | G73: 81 | Q73: 81 | R73: Jordan | S73: Argentina
G74: 101 | Q74: 101 | R74: 2A | S74: 2B
G75: 102 | Q75: 102 | R75: 1C | S75: 2F
G76: 103 | Q76: 103 | R76: 1E | S76: 3ABCDF
G77: 104 | Q77: 104 | R77: 1F | S77: 2C
G78: 105 | Q78: 105 | R78: 2E | S78: 2I
G79: 106 | Q79: 106 | R79: 1I | S79: 3CDFGH
G80: 107 | Q80: 107 | R80: 1A | S80: 3CEFHI
G81: 108 | Q81: 108 | R81: 1L | S81: 3EHIJK
G82: 109 | Q82: 109 | R82: 1G | S82: 3AEHIJ
G83: 110 | Q83: 110 | R83: 1D | S83: 3BEFIJ
G84: 111 | Q84: 111 | R84: 1H | S84: 2J
G85: 112 | Q85: 112 | R85: 2K | S85: 2L
... G98: 100 | Q98: 100 | R98: Home | S98: Away

Sheet Poeng
A1: tid | B1: Andreas | C1: Christian | D1: Erlend | E1: Hallvard | F1: Harald | G1: Helena | H1: Jan Erik | I1: Mari | J1: Oda | K1: Pål | L1: Tore | M1: Torstein
A2: 46184.875 | B2: 0 | C2: 0 | D2: 0 | E2: 0 | F2: 0 | G2: 0 | H2: 0 | I2: 0 | J2: 0 | K2: 0 | L2: 0 | M2: 0
A3: 46184.881 | B3: 3 | C3: 3 | D3: 3 | E3: 3 | F3: 3 | G3: 3 | H3: 3 | I3: 5 | J3: 3 | K3: 0 | L3: 3 | M3: 3
A4: 46184.935 | B4: 5 | C4: 3 | D4: 3 | E4: 3 | F4: 3 | G4: 3 | H4: 3 | I4: 3 | J4: 3 | K4: 0 | L4: 3 | M4: 5
A5: 46185.218 | B5: 5 | C5: 3 | D5: 3 | E5: 3 | F5: 3 | G5: 3 | H5: 3 | I5: 6 | J5: 3 | K5: 0 | L5: 3 | M5: 5
A6: 46185.224 | B6: 8 | C6: 3 | D6: 3 | E6: 6 | F6: 3 | G6: 8 | H6: 3 | I6: 3 | J6: 6 | K6: 3 | L6: 3 | M6: 5
A7: 46185.233 | B7: 5 | C7: 6 | D7: 6 | E7: 3 | F7: 8 | G7: 3 | H7: 6 | I7: 3 | J7: 3 | K7: 0 | L7: 6 | M7: 8
A8: 46185.895 | B8: 10 | C8: 9 | D8: 6 | E8: 3 | F8: 8 | G8: 6 | H8: 9 | I8: 3 | J8: 6 | K8: 3 | L8: 6 | M8: 13
A9: 46185.949 | B9: 5 | C9: 6 | D9: 6 | E9: 3 | F9: 8 | G9: 3 | H9: 6 | I9: 3 | J9: 3 | K9: 0 | L9: 6 | M9: 8
A10: 46186.13 | B10: 5 | C10: 6 | D10: 9 | E10: 6 | F10: 11 | G10: 6 | H10: 6 | I10: 3 | J10: 3 | K10: 0 | L10: 9 | M10: 8
A11: 46186.147 | B11: 5 | C11: 6 | D11: 9 | E11: 6 | F11: 13 | G11: 6 | H11: 6 | I11: 3 | J11: 3 | K11: 0 | L11: 11 | M11: 8
A12: 46186.16 | B12: 5 | C12: 6 | D12: 9 | E12: 6 | F12: 11 | G12: 6 | H12: 6 | I12: 3 | J12: 3 | K12: 0 | L12: 9 | M12: 8

Sheet Plotting
A1: tid | B1: Andreas | C1: Christian | D1: Erlend | E1: Hallvard | F1: Harald | G1: Helena | H1: Jan Erik | I1: Mari | J1: Oda | K1: Pål | L1: Tore | M1: Torstein
A2: {=INDIRECT("A" & ROUNDDOWN(ROW()/2,)+1)} -> 46184.875 | B2: {=INDEX(Poeng!$A$1:$M$1000,ROUNDDOWN(ROW()/2+MOD(ROW(),2),0)+1,COLUMN())} -> 0 | C2: {=INDEX(Poeng!$A$1:$M$1000,ROUNDDOWN(ROW()/2+MOD(ROW(),2),0)+1,COLUMN())} -> 0 | D2: {=INDEX(Poeng!$A$1:$M$1000,ROUNDDOWN(ROW()/2+MOD(ROW(),2),0)+1,COLUMN())} -> 0 | E2: {=INDEX(Poeng!$A$1:$M$1000,ROUNDDOWN(ROW()/2+MOD(ROW(),2),0)+1,COLUMN())} -> 0 | F2: {=INDEX(Poeng!$A$1:$M$1000,ROUNDDOWN(ROW()/2+MOD(ROW(),2),0)+1,COLUMN())} -> 0 | G2: {=INDEX(Poeng!$A$1:$M$1000,ROUNDDOWN(ROW()/2+MOD(ROW(),2),0)+1,COLUMN())} -> 0 | H2: {=INDEX(Poeng!$A$1:$M$1000,ROUNDDOWN(ROW()/2+MOD(ROW(),2),0)+1,COLUMN())} -> 0 | I2: {=INDEX(Poeng!$A$1:$M$1000,ROUNDDOWN(ROW()/2+MOD(ROW(),2),0)+1,COLUMN())} -> 0 | ... M2: {=INDEX(Poeng!$A$1:$M$1000,ROUNDDOWN(ROW()/2+MOD(ROW(),2),0)+1,COLUMN())} -> 0
A3: {=INDIRECT("A" & ROUNDDOWN(ROW()/2,)+1)} -> 46184.875 | B3: {=INDEX(Poeng!$A$1:$M$1000,ROUNDDOWN(ROW()/2+MOD(ROW(),2),0)+1,COLUMN())} -> 3 | C3: {=INDEX(Poeng!$A$1:$M$1000,ROUNDDOWN(ROW()/2+MOD(ROW(),2),0)+1,COLUMN())} -> 3 | D3: {=INDEX(Poeng!$A$1:$M$1000,ROUNDDOWN(ROW()/2+MOD(ROW(),2),0)+1,COLUMN())} -> 3 | E3: {=INDEX(Poeng!$A$1:$M$1000,ROUNDDOWN(ROW()/2+MOD(ROW(),2),0)+1,COLUMN())} -> 3 | F3: {=INDEX(Poeng!$A$1:$M$1000,ROUNDDOWN(ROW()/2+MOD(ROW(),2),0)+1,COLUMN())} -> 3 | G3: {=INDEX(Poeng!$A$1:$M$1000,ROUNDDOWN(ROW()/2+MOD(ROW(),2),0)+1,COLUMN())} -> 3 | H3: {=INDEX(Poeng!$A$1:$M$1000,ROUNDDOWN(ROW()/2+MOD(ROW(),2),0)+1,COLUMN())} -> 3 | I3: {=INDEX(Poeng!$A$1:$M$1000,ROUNDDOWN(ROW()/2+MOD(ROW(),2),0)+1,COLUMN())} -> 5 | ... M3: {=INDEX(Poeng!$A$1:$M$1000,ROUNDDOWN(ROW()/2+MOD(ROW(),2),0)+1,COLUMN())} -> 3
A4: {=INDIRECT("A" & ROUNDDOWN(ROW()/2,)+1)} -> 46184.881 | B4: {=INDEX(Poeng!$A$1:$M$1000,ROUNDDOWN(ROW()/2+MOD(ROW(),2),0)+1,COLUMN())} -> 3 | C4: {=INDEX(Poeng!$A$1:$M$1000,ROUNDDOWN(ROW()/2+MOD(ROW(),2),0)+1,COLUMN())} -> 3 | D4: {=INDEX(Poeng!$A$1:$M$1000,ROUNDDOWN(ROW()/2+MOD(ROW(),2),0)+1,COLUMN())} -> 3 | E4: {=INDEX(Poeng!$A$1:$M$1000,ROUNDDOWN(ROW()/2+MOD(ROW(),2),0)+1,COLUMN())} -> 3 | F4: {=INDEX(Poeng!$A$1:$M$1000,ROUNDDOWN(ROW()/2+MOD(ROW(),2),0)+1,COLUMN())} -> 3 | G4: {=INDEX(Poeng!$A$1:$M$1000,ROUNDDOWN(ROW()/2+MOD(ROW(),2),0)+1,COLUMN())} -> 3 | H4: {=INDEX(Poeng!$A$1:$M$1000,ROUNDDOWN(ROW()/2+MOD(ROW(),2),0)+1,COLUMN())} -> 3 | I4: {=INDEX(Poeng!$A$1:$M$1000,ROUNDDOWN(ROW()/2+MOD(ROW(),2),0)+1,COLUMN())} -> 5 | ... M4: {=INDEX(Poeng!$A$1:$M$1000,ROUNDDOWN(ROW()/2+MOD(ROW(),2),0)+1,COLUMN())} -> 3
A5: {=INDIRECT("A" & ROUNDDOWN(ROW()/2,)+1)} -> 46184.881 | B5: {=INDEX(Poeng!$A$1:$M$1000,ROUNDDOWN(ROW()/2+MOD(ROW(),2),0)+1,COLUMN())} -> 5 | C5: {=INDEX(Poeng!$A$1:$M$1000,ROUNDDOWN(ROW()/2+MOD(ROW(),2),0)+1,COLUMN())} -> 3 | D5: {=INDEX(Poeng!$A$1:$M$1000,ROUNDDOWN(ROW()/2+MOD(ROW(),2),0)+1,COLUMN())} -> 3 | E5: {=INDEX(Poeng!$A$1:$M$1000,ROUNDDOWN(ROW()/2+MOD(ROW(),2),0)+1,COLUMN())} -> 3 | F5: {=INDEX(Poeng!$A$1:$M$1000,ROUNDDOWN(ROW()/2+MOD(ROW(),2),0)+1,COLUMN())} -> 3 | G5: {=INDEX(Poeng!$A$1:$M$1000,ROUNDDOWN(ROW()/2+MOD(ROW(),2),0)+1,COLUMN())} -> 3 | H5: {=INDEX(Poeng!$A$1:$M$1000,ROUNDDOWN(ROW()/2+MOD(ROW(),2),0)+1,COLUMN())} -> 3 | I5: {=INDEX(Poeng!$A$1:$M$1000,ROUNDDOWN(ROW()/2+MOD(ROW(),2),0)+1,COLUMN())} -> 3 | ... M5: {=INDEX(Poeng!$A$1:$M$1000,ROUNDDOWN(ROW()/2+MOD(ROW(),2),0)+1,COLUMN())} -> 5
A6: {=INDIRECT("A" & ROUNDDOWN(ROW()/2,)+1)} -> 46184.935 | B6: {=INDEX(Poeng!$A$1:$M$1000,ROUNDDOWN(ROW()/2+MOD(ROW(),2),0)+1,COLUMN())} -> 5 | C6: {=INDEX(Poeng!$A$1:$M$1000,ROUNDDOWN(ROW()/2+MOD(ROW(),2),0)+1,COLUMN())} -> 3 | D6: {=INDEX(Poeng!$A$1:$M$1000,ROUNDDOWN(ROW()/2+MOD(ROW(),2),0)+1,COLUMN())} -> 3 | E6: {=INDEX(Poeng!$A$1:$M$1000,ROUNDDOWN(ROW()/2+MOD(ROW(),2),0)+1,COLUMN())} -> 3 | F6: {=INDEX(Poeng!$A$1:$M$1000,ROUNDDOWN(ROW()/2+MOD(ROW(),2),0)+1,COLUMN())} -> 3 | G6: {=INDEX(Poeng!$A$1:$M$1000,ROUNDDOWN(ROW()/2+MOD(ROW(),2),0)+1,COLUMN())} -> 3 | H6: {=INDEX(Poeng!$A$1:$M$1000,ROUNDDOWN(ROW()/2+MOD(ROW(),2),0)+1,COLUMN())} -> 3 | I6: {=INDEX(Poeng!$A$1:$M$1000,ROUNDDOWN(ROW()/2+MOD(ROW(),2),0)+1,COLUMN())} -> 3 | ... M6: {=INDEX(Poeng!$A$1:$M$1000,ROUNDDOWN(ROW()/2+MOD(ROW(),2),0)+1,COLUMN())} -> 5
A7: {=INDIRECT("A" & ROUNDDOWN(ROW()/2,)+1)} -> 46184.935 | B7: {=INDEX(Poeng!$A$1:$M$1000,ROUNDDOWN(ROW()/2+MOD(ROW(),2),0)+1,COLUMN())} -> 5 | C7: {=INDEX(Poeng!$A$1:$M$1000,ROUNDDOWN(ROW()/2+MOD(ROW(),2),0)+1,COLUMN())} -> 3 | D7: {=INDEX(Poeng!$A$1:$M$1000,ROUNDDOWN(ROW()/2+MOD(ROW(),2),0)+1,COLUMN())} -> 3 | E7: {=INDEX(Poeng!$A$1:$M$1000,ROUNDDOWN(ROW()/2+MOD(ROW(),2),0)+1,COLUMN())} -> 3 | F7: {=INDEX(Poeng!$A$1:$M$1000,ROUNDDOWN(ROW()/2+MOD(ROW(),2),0)+1,COLUMN())} -> 3 | G7: {=INDEX(Poeng!$A$1:$M$1000,ROUNDDOWN(ROW()/2+MOD(ROW(),2),0)+1,COLUMN())} -> 3 | H7: {=INDEX(Poeng!$A$1:$M$1000,ROUNDDOWN(ROW()/2+MOD(ROW(),2),0)+1,COLUMN())} -> 3 | I7: {=INDEX(Poeng!$A$1:$M$1000,ROUNDDOWN(ROW()/2+MOD(ROW(),2),0)+1,COLUMN())} -> 6 | ... M7: {=INDEX(Poeng!$A$1:$M$1000,ROUNDDOWN(ROW()/2+MOD(ROW(),2),0)+1,COLUMN())} -> 5
A8: {=INDIRECT("A" & ROUNDDOWN(ROW()/2,)+1)} -> 46185.218 | B8: {=INDEX(Poeng!$A$1:$M$1000,ROUNDDOWN(ROW()/2+MOD(ROW(),2),0)+1,COLUMN())} -> 5 | C8: {=INDEX(Poeng!$A$1:$M$1000,ROUNDDOWN(ROW()/2+MOD(ROW(),2),0)+1,COLUMN())} -> 3 | D8: {=INDEX(Poeng!$A$1:$M$1000,ROUNDDOWN(ROW()/2+MOD(ROW(),2),0)+1,COLUMN())} -> 3 | E8: {=INDEX(Poeng!$A$1:$M$1000,ROUNDDOWN(ROW()/2+MOD(ROW(),2),0)+1,COLUMN())} -> 3 | F8: {=INDEX(Poeng!$A$1:$M$1000,ROUNDDOWN(ROW()/2+MOD(ROW(),2),0)+1,COLUMN())} -> 3 | G8: {=INDEX(Poeng!$A$1:$M$1000,ROUNDDOWN(ROW()/2+MOD(ROW(),2),0)+1,COLUMN())} -> 3 | H8: {=INDEX(Poeng!$A$1:$M$1000,ROUNDDOWN(ROW()/2+MOD(ROW(),2),0)+1,COLUMN())} -> 3 | I8: {=INDEX(Poeng!$A$1:$M$1000,ROUNDDOWN(ROW()/2+MOD(ROW(),2),0)+1,COLUMN())} -> 6 | ... M8: {=INDEX(Poeng!$A$1:$M$1000,ROUNDDOWN(ROW()/2+MOD(ROW(),2),0)+1,COLUMN())} -> 5
A9: {=INDIRECT("A" & ROUNDDOWN(ROW()/2,)+1)} -> 46185.218 | B9: {=INDEX(Poeng!$A$1:$M$1000,ROUNDDOWN(ROW()/2+MOD(ROW(),2),0)+1,COLUMN())} -> 8 | C9: {=INDEX(Poeng!$A$1:$M$1000,ROUNDDOWN(ROW()/2+MOD(ROW(),2),0)+1,COLUMN())} -> 3 | D9: {=INDEX(Poeng!$A$1:$M$1000,ROUNDDOWN(ROW()/2+MOD(ROW(),2),0)+1,COLUMN())} -> 3 | E9: {=INDEX(Poeng!$A$1:$M$1000,ROUNDDOWN(ROW()/2+MOD(ROW(),2),0)+1,COLUMN())} -> 6 | F9: {=INDEX(Poeng!$A$1:$M$1000,ROUNDDOWN(ROW()/2+MOD(ROW(),2),0)+1,COLUMN())} -> 3 | G9: {=INDEX(Poeng!$A$1:$M$1000,ROUNDDOWN(ROW()/2+MOD(ROW(),2),0)+1,COLUMN())} -> 8 | H9: {=INDEX(Poeng!$A$1:$M$1000,ROUNDDOWN(ROW()/2+MOD(ROW(),2),0)+1,COLUMN())} -> 3 | I9: {=INDEX(Poeng!$A$1:$M$1000,ROUNDDOWN(ROW()/2+MOD(ROW(),2),0)+1,COLUMN())} -> 3 | ... M9: {=INDEX(Poeng!$A$1:$M$1000,ROUNDDOWN(ROW()/2+MOD(ROW(),2),0)+1,COLUMN())} -> 5
A10: {=INDIRECT("A" & ROUNDDOWN(ROW()/2,)+1)} -> 46185.224 | B10: {=INDEX(Poeng!$A$1:$M$1000,ROUNDDOWN(ROW()/2+MOD(ROW(),2),0)+1,COLUMN())} -> 8 | C10: {=INDEX(Poeng!$A$1:$M$1000,ROUNDDOWN(ROW()/2+MOD(ROW(),2),0)+1,COLUMN())} -> 3 | D10: {=INDEX(Poeng!$A$1:$M$1000,ROUNDDOWN(ROW()/2+MOD(ROW(),2),0)+1,COLUMN())} -> 3 | E10: {=INDEX(Poeng!$A$1:$M$1000,ROUNDDOWN(ROW()/2+MOD(ROW(),2),0)+1,COLUMN())} -> 6 | F10: {=INDEX(Poeng!$A$1:$M$1000,ROUNDDOWN(ROW()/2+MOD(ROW(),2),0)+1,COLUMN())} -> 3 | G10: {=INDEX(Poeng!$A$1:$M$1000,ROUNDDOWN(ROW()/2+MOD(ROW(),2),0)+1,COLUMN())} -> 8 | H10: {=INDEX(Poeng!$A$1:$M$1000,ROUNDDOWN(ROW()/2+MOD(ROW(),2),0)+1,COLUMN())} -> 3 | I10: {=INDEX(Poeng!$A$1:$M$1000,ROUNDDOWN(ROW()/2+MOD(ROW(),2),0)+1,COLUMN())} -> 3 | ... M10: {=INDEX(Poeng!$A$1:$M$1000,ROUNDDOWN(ROW()/2+MOD(ROW(),2),0)+1,COLUMN())} -> 5
A11: {=INDIRECT("A" & ROUNDDOWN(ROW()/2,)+1)} -> 46185.224 | B11: {=INDEX(Poeng!$A$1:$M$1000,ROUNDDOWN(ROW()/2+MOD(ROW(),2),0)+1,COLUMN())} -> 5 | C11: {=INDEX(Poeng!$A$1:$M$1000,ROUNDDOWN(ROW()/2+MOD(ROW(),2),0)+1,COLUMN())} -> 6 | D11: {=INDEX(Poeng!$A$1:$M$1000,ROUNDDOWN(ROW()/2+MOD(ROW(),2),0)+1,COLUMN())} -> 6 | E11: {=INDEX(Poeng!$A$1:$M$1000,ROUNDDOWN(ROW()/2+MOD(ROW(),2),0)+1,COLUMN())} -> 3 | F11: {=INDEX(Poeng!$A$1:$M$1000,ROUNDDOWN(ROW()/2+MOD(ROW(),2),0)+1,COLUMN())} -> 8 | G11: {=INDEX(Poeng!$A$1:$M$1000,ROUNDDOWN(ROW()/2+MOD(ROW(),2),0)+1,COLUMN())} -> 3 | H11: {=INDEX(Poeng!$A$1:$M$1000,ROUNDDOWN(ROW()/2+MOD(ROW(),2),0)+1,COLUMN())} -> 6 | I11: {=INDEX(Poeng!$A$1:$M$1000,ROUNDDOWN(ROW()/2+MOD(ROW(),2),0)+1,COLUMN())} -> 3 | ... M11: {=INDEX(Poeng!$A$1:$M$1000,ROUNDDOWN(ROW()/2+MOD(ROW(),2),0)+1,COLUMN())} -> 8
A12: {=INDIRECT("A" & ROUNDDOWN(ROW()/2,)+1)} -> 46185.233 | B12: {=INDEX(Poeng!$A$1:$M$1000,ROUNDDOWN(ROW()/2+MOD(ROW(),2),0)+1,COLUMN())} -> 5 | C12: {=INDEX(Poeng!$A$1:$M$1000,ROUNDDOWN(ROW()/2+MOD(ROW(),2),0)+1,COLUMN())} -> 6 | D12: {=INDEX(Poeng!$A$1:$M$1000,ROUNDDOWN(ROW()/2+MOD(ROW(),2),0)+1,COLUMN())} -> 6 | E12: {=INDEX(Poeng!$A$1:$M$1000,ROUNDDOWN(ROW()/2+MOD(ROW(),2),0)+1,COLUMN())} -> 3 | F12: {=INDEX(Poeng!$A$1:$M$1000,ROUNDDOWN(ROW()/2+MOD(ROW(),2),0)+1,COLUMN())} -> 8 | G12: {=INDEX(Poeng!$A$1:$M$1000,ROUNDDOWN(ROW()/2+MOD(ROW(),2),0)+1,COLUMN())} -> 3 | H12: {=INDEX(Poeng!$A$1:$M$1000,ROUNDDOWN(ROW()/2+MOD(ROW(),2),0)+1,COLUMN())} -> 6 | I12: {=INDEX(Poeng!$A$1:$M$1000,ROUNDDOWN(ROW()/2+MOD(ROW(),2),0)+1,COLUMN())} -> 3 | ... M12: {=INDEX(Poeng!$A$1:$M$1000,ROUNDDOWN(ROW()/2+MOD(ROW(),2),0)+1,COLUMN())} -> 8
A13: {=INDIRECT("A" & ROUNDDOWN(ROW()/2,)+1)} -> 46185.233 | B13: {=INDEX(Poeng!$A$1:$M$1000,ROUNDDOWN(ROW()/2+MOD(ROW(),2),0)+1,COLUMN())} -> 10 | C13: {=INDEX(Poeng!$A$1:$M$1000,ROUNDDOWN(ROW()/2+MOD(ROW(),2),0)+1,COLUMN())} -> 9 | D13: {=INDEX(Poeng!$A$1:$M$1000,ROUNDDOWN(ROW()/2+MOD(ROW(),2),0)+1,COLUMN())} -> 6 | E13: {=INDEX(Poeng!$A$1:$M$1000,ROUNDDOWN(ROW()/2+MOD(ROW(),2),0)+1,COLUMN())} -> 3 | F13: {=INDEX(Poeng!$A$1:$M$1000,ROUNDDOWN(ROW()/2+MOD(ROW(),2),0)+1,COLUMN())} -> 8 | G13: {=INDEX(Poeng!$A$1:$M$1000,ROUNDDOWN(ROW()/2+MOD(ROW(),2),0)+1,COLUMN())} -> 6 | H13: {=INDEX(Poeng!$A$1:$M$1000,ROUNDDOWN(ROW()/2+MOD(ROW(),2),0)+1,COLUMN())} -> 9 | I13: {=INDEX(Poeng!$A$1:$M$1000,ROUNDDOWN(ROW()/2+MOD(ROW(),2),0)+1,COLUMN())} -> 3 | ... M13: {=INDEX(Poeng!$A$1:$M$1000,ROUNDDOWN(ROW()/2+MOD(ROW(),2),0)+1,COLUMN())} -> 13
... A22: {=INDIRECT("A" & ROUNDDOWN(ROW()/2,)+1)} -> 46186.16 | B22: {=INDEX(Poeng!$A$1:$M$1000,ROUNDDOWN(ROW()/2+MOD(ROW(),2),0)+1,COLUMN())} -> 5 | C22: {=INDEX(Poeng!$A$1:$M$1000,ROUNDDOWN(ROW()/2+MOD(ROW(),2),0)+1,COLUMN())} -> 6 | D22: {=INDEX(Poeng!$A$1:$M$1000,ROUNDDOWN(ROW()/2+MOD(ROW(),2),0)+1,COLUMN())} -> 9 | E22: {=INDEX(Poeng!$A$1:$M$1000,ROUNDDOWN(ROW()/2+MOD(ROW(),2),0)+1,COLUMN())} -> 6 | F22: {=INDEX(Poeng!$A$1:$M$1000,ROUNDDOWN(ROW()/2+MOD(ROW(),2),0)+1,COLUMN())} -> 11 | G22: {=INDEX(Poeng!$A$1:$M$1000,ROUNDDOWN(ROW()/2+MOD(ROW(),2),0)+1,COLUMN())} -> 6 | H22: {=INDEX(Poeng!$A$1:$M$1000,ROUNDDOWN(ROW()/2+MOD(ROW(),2),0)+1,COLUMN())} -> 6 | I22: {=INDEX(Poeng!$A$1:$M$1000,ROUNDDOWN(ROW()/2+MOD(ROW(),2),0)+1,COLUMN())} -> 3 | ... M22: {=INDEX(Poeng!$A$1:$M$1000,ROUNDDOWN(ROW()/2+MOD(ROW(),2),0)+1,COLUMN())} -> 8
